index,symbol_rate,fec,pilot_requested,pilot_actual,rx_gain_db,wait_s,result,lock_true_samples,lock_samples,max_snr_db,last_fer,last_per,max_fecframes,max_ts_packets,ts_bytes,started_at
1,500000,1/2,off,off,40,60,PASS,58,59,13.83,4.5e-03,1.2e-03,880,18670,3443972,2026-08-11T09:56:02
2,500000,1/2,off,off,50,60,PASS,58,59,13.98,1.1e-03,0.0e+00,880,18776,3465028,2026-08-11T10:13:55
3,500000,1/2,off,off,60,60,PASS,58,59,13.98,1.1e-03,0.0e+00,880,18776,3465028,2026-08-11T10:15:06
4,500000,1/2,on,on,40,60,PASS,58,59,13.99,3.5e-03,1.1e-03,864,18349,3382120,2026-08-11T09:57:12
5,500000,1/2,on,on,50,60,PASS,58,59,13.98,0.0e+00,0.0e+00,864,18455,3403176,2026-08-11T10:16:16
6,500000,1/2,on,on,60,60,PASS,58,59,13.98,1.2e-03,0.0e+00,864,18434,3399228,2026-08-11T10:17:27
7,500000,3/5,off,off,40,60,PASS,58,59,13.96,4.5e-03,0.0e+00,880,22409,4132240,2026-08-11T10:18:37
8,500000,3/5,off,off,50,60,PASS,58,59,13.94,1.1e-03,0.0e+00,880,22563,4161192,2026-08-11T10:19:48
9,500000,3/5,off,off,60,60,PASS,58,59,13.97,1.1e-03,0.0e+00,880,22563,4161192,2026-08-11T10:20:58
10,500000,3/5,on,on,40,60,PASS,58,59,13.97,4.6e-03,0.0e+00,864,22024,4062492,2026-08-11T10:22:08
11,500000,3/5,on,on,50,60,PASS,58,59,13.97,2.3e-03,0.0e+00,864,22127,4079600,2026-08-11T10:23:19
12,500000,3/5,on,on,60,60,PASS,58,59,14.17,0.0e+00,0.0e+00,864,22178,4091444,2026-08-11T10:24:29
13,500000,2/3,off,off,40,60,PASS,58,59,13.97,4.5e-03,0.0e+00,880,24936,4599420,2026-08-11T10:25:40
14,500000,2/3,off,off,50,60,PASS,58,59,14.0,1.1e-03,0.0e+00,880,25106,4632320,2026-08-11T10:26:50
15,500000,2/3,off,off,60,60,PASS,58,59,13.79,0.0e+00,0.0e+00,880,25135,4636268,2026-08-11T10:28:01
16,500000,2/3,on,on,40,60,PASS,58,59,13.96,4.6e-03,6.9e-04,864,24507,4517828,2026-08-11T10:29:11
17,500000,2/3,on,on,50,60,PASS,58,59,13.96,1.2e-03,0.0e+00,864,24649,4545464,2026-08-11T10:30:22
18,500000,2/3,on,on,60,60,PASS,58,59,13.99,1.2e-03,0.0e+00,864,24650,4545464,2026-08-11T10:31:32
19,1000000,1/2,off,off,40,60,PASS,58,59,18.02,2.3e-03,4.5e-04,1776,37830,6978748,2026-08-11T10:32:43
20,1000000,1/2,off,off,50,60,PASS,53,57,17.99,1.1e-03,0.0e+00,944,20142,3719016,2026-08-11T10:33:53
21,1000000,1/2,off,off,60,60,PASS,58,59,17.75,0.0e+00,0.0e+00,1776,37937,6999804,2026-08-11T10:35:04
22,1000000,1/2,on,on,40,60,PASS,57,59,18.04,7.1e-02,5.8e-04,1728,34236,6307588,2026-08-11T10:36:14
23,1000000,1/2,on,on,50,60,PASS,58,59,17.95,0.0e+00,0.0e+00,1728,36912,6872152,2026-08-11T10:37:25
24,1000000,1/2,on,on,60,60,PASS,58,59,17.81,1.2e-03,0.0e+00,1728,36866,6798456,2026-08-11T10:38:35
25,1000000,3/5,off,off,40,60,PASS,58,59,18.0,1.7e-03,0.0e+00,1776,45409,8380288,2026-08-11T10:39:46
26,1000000,3/5,off,off,50,60,PASS,50,59,17.93,7.9e-01,2.0e-01,1616,12318,2292472,2026-08-11T10:40:56
27,1000000,3/5,off,off,60,60,PASS,58,59,17.77,5.6e-04,0.0e+00,1776,45563,8407924,2026-08-11T10:42:07
28,1000000,3/5,on,on,40,60,PASS,56,59,17.98,2.3e-01,1.3e-02,1648,32922,6179936,2026-08-11T10:43:17
29,1000000,3/5,on,on,50,60,PASS,58,59,18.02,5.8e-04,0.0e+00,1728,44332,8252636,2026-08-11T10:44:28
30,1000000,3/5,on,on,60,60,PASS,58,59,17.66,5.4e-02,1.2e-03,1712,41601,7789404,2026-08-11T10:45:38
31,1000000,2/3,off,off,40,60,PASS,58,59,17.99,2.3e-03,4.2e-04,1776,50557,9330440,2026-08-11T10:46:49
32,1000000,2/3,off,off,50,60,PASS,57,59,17.98,3.2e-01,2.4e-03,1760,34269,6437872,2026-08-11T10:47:59
33,1000000,2/3,off,off,60,60,PASS,58,59,17.8,0.0e+00,0.0e+00,1776,50729,9363340,2026-08-11T10:49:09
34,1000000,2/3,on,on,40,60,PASS,58,59,18.06,1.9e-02,5.6e-04,1728,48383,8919848,2026-08-11T10:50:20
35,1000000,2/3,on,on,50,60,PASS,58,59,17.94,0.0e+00,0.0e+00,1728,49358,9190944,2026-08-11T10:51:30
36,1000000,2/3,on,on,60,60,PASS,58,59,17.78,3.4e-02,1.7e-03,1728,47752,8801408,2026-08-11T10:52:41
37,1500000,1/2,off,off,40,60,NO_LOCK,0,47,,,,0,0,0,2026-08-11T10:53:51
38,1500000,1/2,off,off,50,60,NO_LOCK,0,47,,,,0,0,0,2026-08-11T10:55:02
39,1500000,1/2,off,off,60,60,NO_LOCK,0,49,,,,0,0,0,2026-08-11T10:56:12
40,1500000,1/2,on,on,40,60,NO_LOCK,0,47,,,,0,0,0,2026-08-11T10:57:23
41,1500000,1/2,on,on,50,60,NO_LOCK,0,47,,,,0,0,0,2026-08-11T10:58:33
42,1500000,1/2,on,on,60,60,NO_LOCK,0,47,,,,0,0,0,2026-08-11T10:59:44
43,1500000,3/5,off,off,40,60,NO_LOCK,0,47,,,,0,0,0,2026-08-11T11:00:54
44,1500000,3/5,off,off,50,60,NO_LOCK,0,47,,,,0,0,0,2026-08-11T11:02:05
45,1500000,3/5,off,off,60,60,NO_LOCK,0,47,,,,0,0,0,2026-08-11T11:03:15
46,1500000,3/5,on,on,40,60,NO_LOCK,0,47,,,,0,0,0,2026-08-11T11:04:25
47,1500000,3/5,on,on,50,60,NO_LOCK,0,47,,,,0,0,0,2026-08-11T11:05:36
48,1500000,3/5,on,on,60,60,NO_LOCK,0,47,,,,0,0,0,2026-08-11T11:06:46
49,1500000,2/3,off,off,40,60,NO_LOCK,0,48,,,,0,0,0,2026-08-11T11:07:57
50,1500000,2/3,off,off,50,60,NO_LOCK,0,47,,,,0,0,0,2026-08-11T11:09:07
51,1500000,2/3,off,off,60,60,NO_LOCK,0,49,,,,0,0,0,2026-08-11T11:10:18
52,1500000,2/3,on,on,40,60,NO_LOCK,0,47,,,,0,0,0,2026-08-11T11:11:28
53,1500000,2/3,on,on,50,60,NO_LOCK,0,48,,,,0,0,0,2026-08-11T11:12:39
54,1500000,2/3,on,on,60,60,NO_LOCK,0,47,,,,0,0,0,2026-08-11T11:13:49
55,2000000,1/2,off,off,40,60,NO_LOCK,0,53,,,,0,0,0,2026-08-11T11:15:00
56,2000000,1/2,off,off,50,60,NO_LOCK,0,46,,,,0,0,0,2026-08-11T11:16:10
57,2000000,1/2,off,off,60,60,NO_LOCK,0,53,,,,0,0,0,2026-08-11T11:17:21
58,2000000,1/2,on,on,40,60,NO_LOCK,0,53,,,,0,0,0,2026-08-11T11:18:31
59,2000000,1/2,on,on,50,60,NO_LOCK,0,53,,,,0,0,0,2026-08-11T11:19:42
60,2000000,1/2,on,on,60,60,NO_LOCK,0,53,,,,0,0,0,2026-08-11T11:20:52
61,2000000,3/5,off,off,40,60,NO_LOCK,0,52,,,,0,0,0,2026-08-11T11:22:03
62,2000000,3/5,off,off,50,60,NO_LOCK,0,52,,,,0,0,0,2026-08-11T11:23:13
63,2000000,3/5,off,off,60,60,NO_LOCK,0,53,,,,0,0,0,2026-08-11T11:24:24
64,2000000,3/5,on,on,40,60,NO_LOCK,0,53,,,,0,0,0,2026-08-11T11:25:34
65,2000000,3/5,on,on,50,60,NO_LOCK,0,53,,,,0,0,0,2026-08-11T11:26:45
66,2000000,3/5,on,on,60,60,NO_LOCK,0,53,,,,0,0,0,2026-08-11T11:27:55
67,2000000,2/3,off,off,40,60,NO_LOCK,0,53,,,,0,0,0,2026-08-11T11:29:06
68,2000000,2/3,off,off,50,60,NO_LOCK,0,53,,,,0,0,0,2026-08-11T11:30:16
69,2000000,2/3,off,off,60,60,NO_LOCK,0,53,,,,0,0,0,2026-08-11T11:31:27
70,2000000,2/3,on,on,40,60,NO_LOCK,0,53,,,,0,0,0,2026-08-11T11:32:37
71,2000000,2/3,on,on,50,60,NO_LOCK,0,53,,,,0,0,0,2026-08-11T11:33:48
72,2000000,2/3,on,on,60,60,NO_LOCK,0,53,,,,0,0,0,2026-08-11T11:34:58
